DROP TABLE IF EXISTS `Classes`;
CREATE TABLE `Classes` (
  `idClasses` int(11) NOT NULL AUTO_INCREMENT,
  `classname` varchar(45) COLLATE utf8_unicode_ci DEFAULT NULL,
  PRIMARY KEY (`idClasses`)
) ENGINE=InnoDB AUTO_INCREMENT=11 DEFAULT CHARSET=utf8 COLLATE=utf8_unicode_ci;

INSERT INTO `Classes` VALUES ('1','est'),
('2','modi'),
('3','occaecati'),
('4','et'),
('5','praesentium'),
('6','placeat'),
('7','vel'),
('8','hic'),
('9','aspernatur'),
('10','qui'); 

DROP TABLE IF EXISTS `Student`;
CREATE TABLE `Student` (
  `idStudent` int(11) NOT NULL AUTO_INCREMENT,
  `name` varchar(45) COLLATE utf8_unicode_ci DEFAULT NULL,
  `lastName` varchar(45) COLLATE utf8_unicode_ci DEFAULT NULL,
  `dob` date DEFAULT NULL,
  `email` varchar(45) COLLATE utf8_unicode_ci DEFAULT NULL,
  `phone` varchar(45) COLLATE utf8_unicode_ci DEFAULT NULL,
  `fk_idClasses` int(11) NOT NULL,
  PRIMARY KEY (`idStudent`),
  KEY `fk_Student_Classes1_idx` (`fk_idClasses`),
  CONSTRAINT `fk_Student_Classes1` FOREIGN KEY (`fk_idClasses`) REFERENCES `Classes` (`idClasses`) ON DELETE CASCADE
) ENGINE=InnoDB AUTO_INCREMENT=51 DEFAULT CHARSET=utf8 COLLATE=utf8_unicode_ci;

INSERT INTO `Student` VALUES ('1','Kacie','Ondricka','2004-11-26','kuphal.angeline@example.org','09794962571','1'),
('2','Rosalia','Harris','2002-08-11','nienow.alva@example.com','1-831-256-5602x233','2'),
('3','Wyman','Ankunding','2006-10-11','xbechtelar@example.com','(370)091-2851x8802','3'),
('4','Josie','Heathcote','2005-09-26','emie57@example.org','1-752-334-6613','4'),
('5','Amalia','Friesen','1974-01-11','jacobi.adaline@example.com','1-882-476-7950','5'),
('6','Yolanda','Douglas','1997-05-07','verna.cronin@example.org','1-714-579-0744','6'),
('7','Emmitt','OConnell','2013-07-28','dexter.kshlerin@example.com','1-524-422-6467','7'),
('8','Pearl','Robel','2001-12-11','destini48@example.com','1-658-942-7005','8'),
('9','Christa','Connelly','1970-02-24','wilderman.cornell@example.net','131.724.2571x2866','9'),
('10','Zetta','Tillman','1972-05-23','bayer.ima@example.org','01425628364','10'),
('11','Declan','Denesik','2006-10-03','jamel06@example.com','1-577-391-5024','1'),
('12','Linnie','Rogahn','2015-01-14','demario01@example.net','733-100-3882','2'),
('13','Isac','Hoeger','2010-01-07','deborah.anderson@example.net','594.543.9594','3'),
('14','Abigail','Jaskolski','2009-05-29','fabian28@example.org','1-902-675-1769x9630','4'),
('15','Ronny','Reilly','2010-06-11','daisy.yundt@example.org','+23(7)4732137197','5'),
('16','Jewel','Miller','1988-09-07','wuckert.jon@example.org','531-371-1524','6'),
('17','Autumn','Boehm','1974-06-19','lokuneva@example.com','+92(6)5655166164','7'),
('18','Carmela','Wolf','1971-04-17','camille00@example.com','1-189-694-8880','8'),
('19','Eriberto','Haag','1973-08-01','rrussel@example.org','1-501-948-4298x93707','9'),
('20','Jany','Lind','1976-09-19','katrina.halvorson@example.net','(327)314-2688x714','10'),
('21','Iliana','Paucek','2016-04-07','vsmith@example.net','(960)936-7735x61516','1'),
('22','Antonette','Goodwin','1994-10-13','stefan00@example.net','(741)096-1017x6515','2'),
('23','Rickey','Thiel','1994-10-13','coberbrunner@example.org','1-981-160-5394','3'),
('24','Rosemarie','Borer','2000-08-03','lydia.huel@example.net','1-093-374-1436x3755','4'),
('25','Crystel','Spinka','1990-02-21','shaun11@example.net','07734836454','5'),
('26','Patsy','Friesen','1970-02-21','mvandervort@example.org','02942469327','6'),
('27','Dalton','Murray','1981-08-19','wkrajcik@example.com','265-344-9519','7'),
('28','Oren','Beer','2010-06-16','geo.hane@example.net','570-859-6865x36149','8'),
('29','Franz','Schowalter','1972-11-13','mgorczany@example.com','1-903-549-0406x4316','9'),
('30','Connie','Corwin','2016-01-28','catherine.gleason@example.net','785-408-7798','10'),
('31','Gerald','Brekke','1975-12-31','eleazar28@example.org','510-880-2936','1'),
('32','Hershel','Mraz','1996-02-08','garrett36@example.com','02333637107','2'),
('33','Kristin','Mohr','1972-04-13','koss.lacey@example.com','928-911-3146','3'),
('34','Chesley','Langosh','2006-11-21','tabitha06@example.org','783.116.6354x20483','4'),
('35','Laney','Hilpert','2004-01-18','kamille.schimmel@example.org','1-258-102-6235x5359','5'),
('36','Maxine','VonRueden','1989-07-08','savanna01@example.net','1-690-349-5768','6'),
('37','Adolf','Bogan','2018-01-24','jaeden.schmitt@example.org','(827)547-3832x2221','7'),
('38','Audreanne','Morissette','1995-11-21','rachael.mayer@example.com','731.107.1411x360','8'),
('39','Stewart','Brekke','2002-10-04','blick.reggie@example.org','1-469-893-8027x01632','9'),
('40','Doyle','Jacobs','1970-04-21','ynienow@example.net','(787)809-8769','10'),
('41','Johnathon','Harvey','1977-05-28','wyatt25@example.net','02072868497','1'),
('42','Dan','Ledner','1973-07-04','carroll.mireya@example.com','1-143-958-7213x6655','2'),
('43','Lindsey','Brekke','1996-07-01','lschamberger@example.com','235.463.0713x64512','3'),
('44','Assunta','Moen','2002-07-31','evon@example.net','(241)621-8692x3589','4'),
('45','Salvatore','Fisher','1972-11-16','constantin.rogahn@example.net','831.036.0245x948','5'),
('46','Dwight','Reilly','2019-01-25','janis44@example.com','01147955339','6'),
('47','Dean','Dietrich','1987-08-13','jammie78@example.net','02437784898','7'),
('48','Hayley','Aufderhar','2007-11-21','kaelyn.glover@example.org','01042697724','8'),
('49','Naomie','Larson','1997-06-24','glennie33@example.org','1-210-160-9860','9'),
('50','Norval','Lindgren','1975-12-06','ceasar94@example.com','938.944.9041x80473','10'); 


DROP TABLE IF EXISTS `Teacher`;
CREATE TABLE `Teacher` (
  `idTeacher` int(11) NOT NULL AUTO_INCREMENT,
  `name` varchar(45) COLLATE utf8_unicode_ci DEFAULT NULL,
  `lastname` varchar(45) COLLATE utf8_unicode_ci DEFAULT NULL,
  `email` varchar(45) COLLATE utf8_unicode_ci DEFAULT NULL,
  `phone` varchar(45) COLLATE utf8_unicode_ci DEFAULT NULL,
  `degree` varchar(45) COLLATE utf8_unicode_ci DEFAULT NULL,
  PRIMARY KEY (`idTeacher`)
) ENGINE=InnoDB AUTO_INCREMENT=11 DEFAULT CHARSET=utf8 COLLATE=utf8_unicode_ci;

INSERT INTO `Teacher` VALUES ('1','Winston','Lind','ymurazik@example.com','(391)095-0040x7029','possimus'),
('2','Adriana','Hoppe','sydnie73@example.com','402-423-1208','sunt'),
('3','Ramona','Runolfsdottir','hkonopelski@example.org','137.080.9640','et'),
('4','Joany','Koss','zula68@example.net','443.131.7546x773','repellendus'),
('5','Kelsie','Block','ntorp@example.com','(899)599-2751x72647','cumque'),
('6','Terry','Senger','monty.zboncak@example.net','1-865-001-3460','excepturi'),
('7','Savannah','Heathcote','mandy.parker@example.com','347-248-3156x5505','dicta'),
('8','Imani','Donnelly','breitenberg.joesph@example.org','+99(7)4579245205','ut'),
('9','Lera','Gottlieb','gislason.arnulfo@example.net','1-397-439-6019','deserunt'),
('10','Tyrel','Fahey','izabella.schultz@example.net','034-394-9448x58649','id');

DROP TABLE IF EXISTS `Module`;
CREATE TABLE `Module` (
  `idModule` int(11) NOT NULL AUTO_INCREMENT,
  `moduleName` varchar(45) COLLATE utf8_unicode_ci DEFAULT NULL,
  `code` varchar(45) COLLATE utf8_unicode_ci DEFAULT NULL,
  `fk_idStudent` int(11) NOT NULL,
  `fk_idTeacher` int(11) NOT NULL,
  PRIMARY KEY (`idModule`),
  KEY `fk_Module_Student_idx` (`fk_idStudent`),
  KEY `fk_Module_Teacher1_idx` (`fk_idTeacher`),
  CONSTRAINT `fk_Module_Student` FOREIGN KEY (`fk_idStudent`) REFERENCES `Student` (`idStudent`) ON DELETE CASCADE,
  CONSTRAINT `fk_Module_Teacher1` FOREIGN KEY (`fk_idTeacher`) REFERENCES `Teacher` (`idTeacher`) ON DELETE CASCADE
) ENGINE=InnoDB AUTO_INCREMENT=26 DEFAULT CHARSET=utf8 COLLATE=utf8_unicode_ci;

INSERT INTO `Module` VALUES ('1','et','3895','1','1'),
('2','dolores','1497','2','2'),
('3','quia','6839','3','3'),
('4','aperiam','9799','4','4'),
('5','animi','7237','5','5'),
('6','saepe','8009','6','6'),
('7','et','4338','7','7'),
('8','consequatur','2094','8','8'),
('9','consequatur','9790','9','9'),
('10','perferendis','6264','10','10'),
('11','cumque','2444','11','1'),
('12','rerum','8871','12','2'),
('13','atque','4445','13','3'),
('14','expedita','9878','14','4'),
('15','optio','1753','15','5'),
('16','culpa','6048','16','6'),
('17','dolor','4056','17','7'),
('18','veritatis','8106','18','8'),
('19','quia','6014','19','9'),
('20','facilis','3992','20','10'),
('21','et','6900','21','1'),
('22','maxime','1770','22','2'),
('23','illo','9583','23','3'),
('24','cumque','7131','24','4'),
('25','aliquid','1142','25','5'); 



DROP TABLE IF EXISTS `Grades`;
CREATE TABLE `Grades` (
  `idGrades` int(11) NOT NULL AUTO_INCREMENT,
  `score` int(11) NOT NULL,
  `fk_idStudent` int(11) NOT NULL,
  `fk_idModule` int(11) NOT NULL,
  PRIMARY KEY (`idGrades`),
  KEY `fk_Module_Student1_idx` (`fk_idStudent`),
  KEY `fk_Module_Module2_idx` (`fk_idModule`),
  CONSTRAINT `fk_Module_Module2` FOREIGN KEY (`fk_idModule`) REFERENCES `Module` (`idModule`) ON DELETE CASCADE,
  CONSTRAINT `fk_Module_Student1` FOREIGN KEY (`fk_idStudent`) REFERENCES `Student` (`idStudent`) ON DELETE CASCADE
) ENGINE=InnoDB AUTO_INCREMENT=101 DEFAULT CHARSET=utf8 COLLATE=utf8_unicode_ci;

INSERT INTO `Grades` VALUES ('1','29','1','1'),
('2','50','2','2'),
('3','42','3','3'),
('4','66','4','4'),
('5','33','5','5'),
('6','55','6','6'),
('7','34','7','7'),
('8','50','8','8'),
('9','48','9','9'),
('10','40','10','10'),
('11','56','11','11'),
('12','30','12','12'),
('13','26','13','13'),
('14','47','14','14'),
('15','63','15','15'),
('16','31','16','16'),
('17','8','17','17'),
('18','35','18','18'),
('19','23','19','19'),
('20','71','20','20'),
('21','15','21','21'),
('22','36','22','22'),
('23','6','23','23'),
('24','48','24','24'),
('25','71','25','25'),
('26','77','26','1'),
('27','75','27','2'),
('28','32','28','3'),
('29','30','29','4'),
('30','31','30','5'),
('31','55','31','6'),
('32','66','32','7'),
('33','20','33','8'),
('34','57','34','9'),
('35','83','35','10'),
('36','77','36','11'),
('37','75','37','12'),
('38','52','38','13'),
('39','80','39','14'),
('40','54','40','15'),
('41','45','41','16'),
('42','24','42','17'),
('43','90','43','18'),
('44','37','44','19'),
('45','90','45','20'),
('46','52','46','21'),
('47','96','47','22'),
('48','60','48','23'),
('49','37','49','24'),
('50','12','50','25'),
('51','78','1','1'),
('52','65','2','2'),
('53','31','3','3'),
('54','29','4','4'),
('55','69','5','5'),
('56','49','6','6'),
('57','55','7','7'),
('58','49','8','8'),
('59','42','9','9'),
('60','80','10','10'),
('61','99','11','11'),
('62','46','12','12'),
('63','75','13','13'),
('64','12','14','14'),
('65','32','15','15'),
('66','24','16','16'),
('67','24','17','17'),
('68','17','18','18'),
('69','67','19','19'),
('70','28','20','20'),
('71','89','21','21'),
('72','35','22','22'),
('73','62','23','23'),
('74','68','24','24'),
('75','60','25','25'),
('76','36','26','1'),
('77','79','27','2'),
('78','28','28','3'),
('79','83','29','4'),
('80','96','30','5'),
('81','20','31','6'),
('82','34','32','7'),
('83','28','33','8'),
('84','87','34','9'),
('85','81','35','10'),
('86','34','36','11'),
('87','92','37','12'),
('88','54','38','13'),
('89','8','39','14'),
('90','27','40','15'),
('91','55','41','16'),
('92','99','42','17'),
('93','1','43','18'),
('94','46','44','19'),
('95','33','45','20'),
('96','22','46','21'),
('97','12','47','22'),
('98','33','48','23'),
('99','88','49','24'),
('100','80','50','25'); 
